{
  "10": {
    "top": 1,
    "bottom": 1,
    "left": 0,
    "right": 1,
    "x": 0.14583333333333331,
    "y": 0.1875
  },
  "11": {
    "top": -1,
    "bottom": -1,
    "left": -1,
    "right": -1,
    "x": 0.1875,
    "y": 0.1875
  },
  "12": {
    "top": -1,
    "bottom": 1,
    "left": 1,
    "right": 1,
    "x": 0.3125,
    "y": 0.2708333333333333
  },
  "13": {
    "top": 1,
    "bottom": -1,
    "left": -1,
    "right": -1,
    "x": 0.4375,
    "y": 0.10416666666666667
  },
  "14": {
    "top": 1,
    "bottom": 1,
    "left": 1,
    "right": -1,
    "x": 0.4791666666666667,
    "y": 0.1875
  },
  "15": {
    "top": 1,
    "bottom": -1,
    "left": 1,
    "right": 1,
    "x": 0.6875,
    "y": 0.10416666666666667
  },
  "16": {
    "top": -1,
    "bottom": 1,
    "left": -1,
    "right": -1,
    "x": 0.8125,
    "y": 0.2708333333333333
  },
  "17": {
    "top": 1,
    "bottom": -1,
    "left": 1,
    "right": 0,
    "x": 0.8541666666666666,
    "y": 0.10416666666666667
  },
  "20": {
    "top": -1,
    "bottom": 1,
    "left": 0,
    "right": 1,
    "x": 0.14583333333333331,
    "y": 0.3958333333333333
  },
  "21": {
    "top": 1,
    "bottom": 1,
    "left": -1,
    "right": -1,
    "x": 0.1875,
    "y": 0.3125
  },
  "22": {
    "top": -1,
    "bottom": -1,
    "left": 1,
    "right": -1,
    "x": 0.22916666666666669,
    "y": 0.3125
  },
  "23": {
    "top": 1,
    "bottom": -1,
    "left": 1,
    "right": -1,
    "x": 0.3541666666666667,
    "y": 0.22916666666666669
  },
  "24": {
    "top": -1,
    "bottom": -1,
    "left": 1,
    "right": -1,
    "x": 0.4791666666666667,
    "y": 0.3125
  },
  "25": {
    "top": 1,
    "bottom": 1,
    "left": 1,
    "right": 1,
    "x": 0.6875,
    "y": 0.3125
  },
  "26": {
    "top": -1,
    "bottom": -1,
    "left": -1,
    "right": -1,
    "x": 0.8125,
    "y": 0.3125
  },
  "27": {
    "top": 1,
    "bottom": -1,
    "left": 1,
    "right": 0,
    "x": 0.8541666666666666,
    "y": 0.22916666666666669
  },
  "30": {
    "top": -1,
    "bottom": -1,
    "left": 0,
    "right": -1,
    "x": 0.0625,
    "y": 0.4375
  },
  "31": {
    "top": -1,
    "bottom": -1,
    "left": 1,
    "right": 1,
    "x": 0.1875,
    "y": 0.4375
  },
  "32": {
    "top": 1,
    "bottom": -1,
    "left": -1,
    "right": -1,
    "x": 0.3125,
    "y": 0.3541666666666667
  },
  "33": {
    "top": 1,
    "bottom": 1,
    "left": 1,
    "right": 1,
    "x": 0.4375,
    "y": 0.4375
  },
  "34": {
    "top": 1,
    "bottom": -1,
    "left": -1,
    "right": 1,
    "x": 0.6458333333333334,
    "y": 0.3541666666666667
  },
  "35": {
    "top": -1,
    "bottom": -1,
    "left": -1,
    "right": 1,
    "x": 0.7708333333333334,
    "y": 0.4375
  },
  "36": {
    "top": 1,
    "bottom": -1,
    "left": -1,
    "right": -1,
    "x": 0.8125,
    "y": 0.3541666666666667
  },
  "37": {
    "top": 1,
    "bottom": -1,
    "left": 1,
    "right": 0,
    "x": 0.8541666666666666,
    "y": 0.3541666666666667
  },
  "40": {
    "top": 1,
    "bottom": 1,
    "left": 0,
    "right": 1,
    "x": 0.14583333333333331,
    "y": 0.5625
  },
  "41": {
    "top": 1,
    "bottom": -1,
    "left": -1,
    "right": 1,
    "x": 0.2708333333333333,
    "y": 0.4791666666666667
  },
  "42": {
    "top": 1,
    "bottom": -1,
    "left": -1,
    "right": 1,
    "x": 0.3958333333333333,
    "y": 0.4791666666666667
  },
  "43": {
    "top": -1,
    "bottom": 1,
    "left": -1,
    "right": 1,
    "x": 0.5208333333333334,
    "y": 0.6458333333333334
  },
  "44": {
    "top": 1,
    "bottom": 1,
    "left": -1,
    "right": -1,
    "x": 0.5625,
    "y": 0.5625
  },
  "45": {
    "top": 1,
    "bottom": 1,
    "left": 1,
    "right": -1,
    "x": 0.6041666666666666,
    "y": 0.5625
  },
  "46": {
    "top": 1,
    "bottom": -1,
    "left": 1,
    "right": 1,
    "x": 0.8125,
    "y": 0.4791666666666667
  },
  "47": {
    "top": 1,
    "bottom": -1,
    "left": -1,
    "right": 0,
    "x": 0.9375,
    "y": 0.4791666666666667
  },
  "50": {
    "top": -1,
    "bottom": -1,
    "left": 0,
    "right": -1,
    "x": 0.0625,
    "y": 0.6875
  },
  "51": {
    "top": 1,
    "bottom": -1,
    "left": 1,
    "right": -1,
    "x": 0.10416666666666667,
    "y": 0.6041666666666666
  },
  "52": {
    "top": 1,
    "bottom": 1,
    "left": 1,
    "right": 1,
    "x": 0.3125,
    "y": 0.6875
  },
  "53": {
    "top": -1,
    "bottom": -1,
    "left": -1,
    "right": -1,
    "x": 0.4375,
    "y": 0.6875
  },
  "54": {
    "top": -1,
    "bottom": -1,
    "left": 1,
    "right": -1,
    "x": 0.4791666666666667,
    "y": 0.6875
  },
  "55": {
    "top": -1,
    "bottom": -1,
    "left": 1,
    "right": -1,
    "x": 0.6041666666666666,
    "y": 0.6875
  },
  "56": {
    "top": 1,
    "bottom": 1,
    "left": 1,
    "right": 1,
    "x": 0.8125,
    "y": 0.6875
  },
  "57": {
    "top": 1,
    "bottom": 1,
    "left": -1,
    "right": 0,
    "x": 0.9375,
    "y": 0.6875
  },
  "60": {
    "top": 1,
    "bottom": 1,
    "left": 0,
    "right": 1,
    "x": 0.14583333333333331,
    "y": 0.8125
  },
  "61": {
    "top": 1,
    "bottom": -1,
    "left": -1,
    "right": -1,
    "x": 0.1875,
    "y": 0.7291666666666666
  },
  "62": {
    "top": -1,
    "bottom": -1,
    "left": 1,
    "right": -1,
    "x": 0.22916666666666669,
    "y": 0.8125
  },
  "63": {
    "top": 1,
    "bottom": 1,
    "left": 1,
    "right": 1,
    "x": 0.4375,
    "y": 0.8125
  },
  "64": {
    "top": 1,
    "bottom": -1,
    "left": -1,
    "right": -1,
    "x": 0.5625,
    "y": 0.7291666666666666
  },
  "65": {
    "top": 1,
    "bottom": 1,
    "left": 1,
    "right": -1,
    "x": 0.6041666666666666,
    "y": 0.8125
  },
  "66": {
    "top": -1,
    "bottom": -1,
    "left": 1,
    "right": 1,
    "x": 0.8125,
    "y": 0.8125
  },
  "67": {
    "top": -1,
    "bottom": -1,
    "left": -1,
    "right": 0,
    "x": 0.9375,
    "y": 0.8125
  },
  "70": {
    "top": -1,
    "bottom": 0,
    "left": 0,
    "right": -1,
    "x": 0.0625,
    "y": 0.9375
  },
  "71": {
    "top": 1,
    "bottom": 0,
    "left": 1,
    "right": 1,
    "x": 0.1875,
    "y": 0.8541666666666666
  },
  "72": {
    "top": 1,
    "bottom": 0,
    "left": -1,
    "right": -1,
    "x": 0.3125,
    "y": 0.8541666666666666
  },
  "73": {
    "top": -1,
    "bottom": 0,
    "left": 1,
    "right": 1,
    "x": 0.4375,
    "y": 0.9375
  },
  "74": {
    "top": 1,
    "bottom": 0,
    "left": -1,
    "right": 1,
    "x": 0.6458333333333334,
    "y": 0.8541666666666666
  },
  "75": {
    "top": -1,
    "bottom": 0,
    "left": -1,
    "right": 1,
    "x": 0.7708333333333334,
    "y": 0.9375
  },
  "76": {
    "top": 1,
    "bottom": 0,
    "left": -1,
    "right": 1,
    "x": 0.8958333333333334,
    "y": 0.8541666666666666
  },
  "77": {
    "top": 1,
    "bottom": 0,
    "left": -1,
    "right": 0,
    "x": 0.9375,
    "y": 0.8541666666666666
  },
  "00": {
    "top": 0,
    "bottom": -1,
    "left": 0,
    "right": -1,
    "x": 0.0625,
    "y": 0.0625
  },
  "01": {
    "top": 0,
    "bottom": 1,
    "left": 1,
    "right": -1,
    "x": 0.10416666666666667,
    "y": 0.14583333333333331
  },
  "02": {
    "top": 0,
    "bottom": 1,
    "left": 1,
    "right": -1,
    "x": 0.22916666666666669,
    "y": 0.14583333333333331
  },
  "03": {
    "top": 0,
    "bottom": -1,
    "left": 1,
    "right": -1,
    "x": 0.3541666666666667,
    "y": 0.0625
  },
  "04": {
    "top": 0,
    "bottom": -1,
    "left": 1,
    "right": -1,
    "x": 0.4791666666666667,
    "y": 0.0625
  },
  "05": {
    "top": 0,
    "bottom": -1,
    "left": 1,
    "right": -1,
    "x": 0.6041666666666666,
    "y": 0.0625
  },
  "06": {
    "top": 0,
    "bottom": 1,
    "left": 1,
    "right": 1,
    "x": 0.8125,
    "y": 0.14583333333333331
  },
  "07": {
    "top": 0,
    "bottom": -1,
    "left": -1,
    "right": 0,
    "x": 0.9375,
    "y": 0.0625
  }
}