{
  "10": {
    "top": 1,
    "bottom": 0,
    "left": 0,
    "right": 1,
    "x": 0.3333333333333333,
    "y": 0.6666666666666666
  },
  "11": {
    "top": 1,
    "bottom": 0,
    "left": -1,
    "right": 0,
    "x": 0.75,
    "y": 0.6666666666666666
  },
  "00": {
    "top": 0,
    "bottom": -1,
    "left": 0,
    "right": 1,
    "x": 0.3333333333333333,
    "y": 0.25
  },
  "01": {
    "top": 0,
    "bottom": -1,
    "left": -1,
    "right": 0,
    "x": 0.75,
    "y": 0.25
  }
}